Date;Day 01;Day 02;Day 03;Day 04;Day 05;Day 06;Day 07;Day 08;Day 09;Day 10;Day 11;Day 12;Day 13;Day 14;Day 15;Day 16;Day 17;Day 18;Day 19;Day 20;Day 21;Day 22;Day 23;Day 24;Day 25;Day 26;Day 27;Day 28;Day 29;Day 30
01-01-2025;;;;;;;;;;;;;;;;;;;;;;;;;;;;;;
02-01-2025;;;;;;;;;;;;;;;;;;;;;;;;;;;;;;
03-01-2025;;;;;;;;;;;;;;;;;;;;;;;;;;;;;;
04-01-2025;;;;;;;;;;;;;;;;;;;;;;;;;;;;;;
06-01-2025;;;;;;;;;;;;;;;;;;;;;;;;;;;;;;
07-01-2025;;;;;;;;;;;;;;;;;;;;;;;;;;;;;;
08-01-2025;;;;;;;;;;;;;;;;;;;;;;;;;;;;;;
09-01-2025;;;;;;;;;;;;;;;;;;;;;;;;;;;;;;
10-01-2025;;;;;;;;;;;;;;;;;;;;;;;;;;;;;;
11-01-2025;;;;;;;;;;;;;;;;;;;;;;;;;;;;;;
12-01-2025;;;;;;;;;;;;;;;;;;;;;;;;;;;;;;
13-01-2025;;;;;;;;;;;;;;;;;;;;;;;;;;;;;;
14-01-2025;;;;;;;;;;;;;;;;;;;;;;;;;;;;;;
15-01-2025;;;;;;;;;;;;;;;;;;;;;;;;;;;;;;
16-01-2025;;;;;;;;;;;;;;;;;;;;;;;;;;;;;;
17-01-2025;;;;;;;;;;;;;;;;;;;;;;;;;;;;;;
18-01-2025;;;;;;;;;;;;;;;;;;;;;;;;;;;;;;
19-01-2025;;;;;;;;;;;;;;;;;;;;;;;;;;;;;;
20-01-2025;;;;;;;;;;;;;;;;;;;;;;;;;;;;;;
05-02-2025;;;;;;;;;;;;;;;;;;;;;;;;;;;;;;
06-02-2025;;;;;;;;;;;;;;;;;;;;;;;;;;;;;;
07-02-2025;;;;;;;;;;;;;;;;;;;;;;;;;;;;;;
08-02-2025;;;;;;;;;;;;;;;;;;;;;;;;;;;;;;
09-02-2025;;;;;;;;;;;;;;;;;;;;;;;;;;;;;;
10-02-2025;;;;;;;;;;;;;;;;;;;;;;;;;;;;;;
11-02-2025;;;;;;;;;;;;;;;;;;;;;;;;;;;;;;
12-02-2025;;;;;;;;;;;;;;;;;;;;;;;;;;;;;;
13-02-2025;;;;;;;;;;;;;;;;;;;;;;;;;;;;;;
14-02-2025;;;;;;;;;;;;;;;;;;;;;;;;;;;;;;
17-02-2025;;;;;;;;;;;;;;;;;;;;;;;;;;;;;;
18-02-2025;;;;;;;;;;;;;;;;;;;;;;;;;;;;;;
19-02-2025;;;;;;;;;;;;;;;;;;;;;;;;;;;;;;
20-02-2025;;;;;;;;;;;;;;;;;;;;;;;;;;;;;;
21-02-2025;;;;;;;;;;;;;;;;;;;;;;;;;;;;;;
22-02-2025;;;;;;;;;;;;;;;;;;;;;;;;;;;;;;
23-02-2025;;;;;;;;;;;;;;;;;;;;;;;;;;;;;;
24-02-2025;;;;;;;;;;;;;;;;;;;;;;;;;;;;;;
25-02-2025;;;;;;;;;;;;;;;;;;;;;;;;;;;;;;
26-02-2025;;;;;;;;;;;;;;;;;;;;;;;;;;;;;;
27-02-2025;;;;;;;;;;;;;;;;;;;;;;;;;;;;;;
28-02-2025;;;;;;;;;;;;;;;;;;;;;;;;;;;;;;
01-03-2025;;;;;;;;;;;;;;;;;;;;;;;;;;;;;;
02-03-2025;;;;;;;;;;;;;;;;;;;;;;;;;;;;;;
04-03-2025;;;;;;;;;;;;;;;;;;;;;;;;;;;;;;
05-03-2025;;;;;;;;;;;;;;;;;;;;;;;;;;;;;;
06-03-2025;;;;;;;;;;;;;;;;;;;;;;;;;;;;;;
07-03-2025;;;;;;;;;;;;;;;;;;;;;;;;;;;;;;
09-03-2025;;;;;;;;;;;;;;;;;;;;;;;;;;;;;;
10-03-2025;;;;;;;;;;;;;;;;;;;;;;;;;;;;;;
11-03-2025;;;;;;;;;;;;;;;;;;;;;;;;;;;;;;
12-03-2025;;;;;;;;;;;;;;;;;;;;;;;;;;;;;;
13-03-2025;;;;;;;;;;;;;;;;;;;;;;;;;;;;;;
14-03-2025;;;;;;;;;;;;;;;;;;;;;;;;;;;;;;
15-03-2025;;;;;;;;;;;;;;;;;;;;;;;;;;;;;;
16-03-2025;;;;;;;;;;;;;;;;;;;;;;;;;;;;;;
17-03-2025;;;;;;;;;;;;;;;;;;;;;;;;;;;;;;
18-03-2025;;;;;;;;;;;;;;;;;;;;;;;;;;;;;;
19-03-2025;;;;;;;;;;;;;;;;;;;;;;;;;;;;;;
20-03-2025;;;;;;;;;;;;;;;;;;;;;;;;;;;;;;
21-03-2025;;;;;;;;;;;;;;;;;;;;;;;;;;;;;;
24-03-2025;;;;;;;;;;;;;;;;;;;;;;;;;;;;;;
25-03-2025;;;;;;;;;;;;;;;;;;;;;;;;;;;;;;
26-03-2025;;;;;;;;;;;;;;;;;;;;;;;;;;;;;;
27-03-2025;;;;;;;;;;;;;;;;;;;;;;;;;;;;;;
28-03-2025;;;;;;;;;;;;;;;;;;;;;;;;;;;;;;
31-03-2025;;;;;;;;;;;;;;;;;;;;;;;;;;;;;;
01-04-2025;;;;;;;;;;;;;;;;;;;;;;;;;;;;;;
02-04-2025;;;;;;;;;;;;;;;;;;;;;;;;;;;;;;
03-04-2025;;;;;;;;;;;;;;;;;;;;;;;;;;;;;;
04-04-2025;;;;;;;;;;;;;;;;;;;;;;;;;;;;;;
07-04-2025;;;;;;;;;;;;;;;;;;;;;;;;;;;;;;
08-04-2025;;;;;;;;;;;;;;;;;;;;;;;;;;;;;;
09-04-2025;;;;;;;;;;;;;;;;;;;;;;;;;;;;;;
10-04-2025;;;;;;;;;;;;;;;;;;;;;;;;;;;;;;
11-04-2025;;;;;;;;;;;;;;;;;;;;;;;;;;;;;;
14-04-2025;;;;;;;;;;;;;;;;;;;;;;;;;;;;;;
15-04-2025;;;;;;;;;;;;;;;;;;;;;;;;;;;;;;
16-04-2025;;;;;;;;;;;;;;;;;;;;;;;;;;;;;;
17-04-2025;;;;;;;;;;;;;;;;;;;;;;;;;;;;;;
18-04-2025;;;;;;;;;;;;;;;;;;;;;;;;;;;;;;
19-04-2025;;;;;;;;;;;;;;;;;;;;;;;;;;;;;;
21-04-2025;;;;;;;;;;;;;;;;;;;;;;;;;;;;;;
23-04-2025;;;;;;;;;;;;;;;;;;;;;;;;;;;;;;
25-04-2025;;;;;;;;;;;;;;;;;;;;;;;;;;;;;;
26-04-2025;;;;;;;;;;;;;;;;;;;;;;;;;;;;;;
28-04-2025;;;;;;;;;;;;;;;;;;;;;;;;;;;;;;
29-04-2025;;;;;;;;;;;;;;;;;;;;;;;;;;;;;;
30-04-2025;;;;;;;;;;;;;;;;;;;;;;;;;;;;;;
05-05-2025;;;;;;;;;;;;;;;;;;;;;;;;;;;;;;
07-05-2025;;;76.99;;;;49.99;;;49.99;;;;49.99;;;49.99;;;;49.99;;;49.99;;;;49.99;;
08-05-2025;;;76.99;;;;49.99;;;49.99;;;;49.99;;;49.99;;;;49.99;;;49.99;;;;49.99;;
09-05-2025;;;76.99;;;;49.99;;;49.99;;;;49.99;;;49.99;;;;49.99;;;49.99;;;;49.99;;
10-05-2025;;;76.99;;;;49.99;;;49.99;;;;49.99;;;49.99;;;;49.99;;;49.99;;;;49.99;;
11-05-2025;;;76.99;;;;49.99;;;49.99;;;;49.99;;;49.99;;;;49.99;;;49.99;;;;49.99;;
12-05-2025;;;76.99;;;;49.99;;;49.99;;;;49.99;;;49.99;;;;49.99;;;49.99;;;;49.99;;
13-05-2025;;;76.99;;;;49.99;;;49.99;;;;49.99;;;49.99;;;;49.99;;;49.99;;;;49.99;;
16-05-2025;;;76.99;;;;49.99;;;49.99;;;;49.99;;;49.99;;;;49.99;;;49.99;;;;49.99;;
17-05-2025;;;76.99;;;;49.99;;;49.99;;;;49.99;;;49.99;;;;49.99;;;49.99;;;;49.99;;
19-05-2025;;;76.99;;;;49.99;;;49.99;;;;49.99;;;49.99;;;;49.99;;;49.99;;;;49.99;;
20-05-2025;;;76.99;;;;49.99;;;49.99;;;;49.99;;;49.99;;;;49.99;;;49.99;;;;49.99;;
22-05-2025;;;76.99;;;;49.99;;;49.99;;;;49.99;;;49.99;;;;49.99;;;49.99;;;;49.99;;
23-05-2025;;;76.99;;;;49.99;;;49.99;;;;49.99;;;49.99;;;;49.99;;;49.99;;;;49.99;;
27-05-2025;;;76.99;;;;49.99;;;49.99;;;;49.99;;;49.99;;;;49.99;;;49.99;;;;49.99;;
28-05-2025;;;76.99;;;;49.99;;;42.99;;;;49.99;;;42.99;;;;49.99;;;42.99;;;;49.99;;
29-05-2025;;;76.99;;;;49.99;;;42.99;;;;49.99;;;42.99;;;;49.99;;;42.99;;;;49.99;;
30-05-2025;;;76.99;;;;49.99;;;42.99;;;;53.25;;;42.99;;;;49.99;;;42.99;;;;49.99;;
02-06-2025;;;76.99;;;;49.99;;;42.99;;;;53.25;;;42.99;;;;49.99;;;42.99;;;;49.99;;
03-06-2025;;;76.99;;;;49.99;;;42.99;;;;53.25;;;42.99;;;;49.99;;;42.99;;;;49.99;;
04-06-2025;;;76.99;;;;49.99;;;42.99;;;;53.25;;;42.99;;;;49.99;;;42.99;;;;49.99;;
05-06-2025;;;59.99;;;;42.99;;;42.99;;;;53.25;;;42.99;;;;42.99;;;49.99;;;;49.99;;
06-06-2025;;;58.99;;;;42.99;;;42.99;;;;53.25;;;42.99;;;;42.99;;;49.99;;;;49.99;;
07-06-2025;;;58.99;;;;42.99;;;42.99;;;;53.25;;;42.99;;;;42.99;;;49.99;;;;49.99;;
09-06-2025;;;58.99;;;;42.99;;;42.99;;;;53.25;;;42.99;;;;42.99;;;42.99;;;;49.99;;
10-06-2025;;;58.99;;;;42.99;;;42.99;;;;53.25;;;42.99;;;;42.99;;;42.99;;;;49.99;;
11-06-2025;;;58.99;;;;42.99;;;42.99;;;;53.25;;;42.99;;;;49.99;;;42.99;;;;42.99;;
12-06-2025;;;58.99;;;;42.99;;;42.99;;;;45.86;;;42.99;;;;49.99;;;42.99;;;;42.99;;
16-06-2025;;;58.99;;;;42.99;;;42.99;;;;53.25;;;42.99;;;;42.99;;;42.99;;;;49.99;;
17-06-2025;;;49.99;;;;42.99;;;42.99;;;;53.25;;;42.99;;;;42.99;;;42.99;;;;49.99;;
18-06-2025;;;49.99;;;;42.99;;;42.99;;;;42.99;;;42.99;;;;42.99;;;42.99;;;;49.99;;
19-06-2025;;;49.99;;;;42.99;;;42.99;;;;42.99;;;42.99;;;;42.99;;;42.99;;;;49.99;;
20-06-2025;;;49.99;;;;42.99;;;42.99;;;;42.99;;;42.99;;;;42.99;;;42.99;;;;49.99;;
23-06-2025;;;49.99;;;;35.99;;;42.99;;;;42.99;;;42.99;;;;42.99;;;42.99;;;;42.99;;
24-06-2025;;;49.99;;;;35.99;;;35.99;;;;35.99;;;35.99;;;;35.99;;;35.99;;;;35.99;;
25-06-2025;;;42.99;;;;35.99;;;35.99;;;;42.99;;;42.99;;;;42.99;;;42.99;;;;42.99;;
26-06-2025;;;49.99;;;;35.99;;;35.99;;;;42.99;;;42.99;;;;42.99;;;42.99;;;;42.99;;
27-06-2025;;;49.99;;;;29.99;;;29.99;;;;35.99;;;35.99;;;;45.86;;;42.99;;;;42.99;;
30-06-2025;;;49.99;;;;35.99;;;35.99;;;;47.09;;;42.99;;;;45.86;;;42.99;;;;42.99;;
01-07-2025;;;49.99;;;;35.99;;;35.99;;;;47.09;;;42.99;;;;45.86;;;42.99;;;;42.99;;
02-07-2025;;;49.99;;;;29.99;;;29.99;;;;39.09;;;35.99;;;;38.16;;;42.99;;;;42.99;;
03-07-2025;;;49.99;;;;35.99;;;35.99;;;;47.09;;;42.99;;;;45.86;;;42.99;;;;42.99;;
04-07-2025;;;58.99;;;;35.99;;;35.99;;;;47.09;;;42.99;;;;45.86;;;42.99;;;;42.99;;
05-07-2025;;;58.99;;;;35.99;;;35.99;;;;47.09;;;42.99;;;;45.86;;;42.99;;;;42.99;;
07-07-2025;;;49.99;;;;35.99;;;35.99;;;;47.91;;;42.99;;;;45.86;;;42.99;;;;42.99;;
09-07-2025;;;49.99;;;;35.99;;;35.99;;;;47.91;;;42.99;;;;42.99;;;35.99;;;;42.99;;
10-07-2025;;;50.99;;;;35.99;;;35.99;;;;47.09;;;42.99;;;;42.99;;;35.99;;;;42.99;;
11-07-2025;;;49.99;;;;35.99;;;35.99;;;;47.09;;;35.99;;;;42.99;;;35.99;;;;42.99;;
14-07-2025;;;62.74;;;;35.99;;;29.99;;;;47.09;;;35.99;;;;42.99;;;35.99;;;;35.99;;
15-07-2025;;;62.74;;;;35.99;;;29.99;;;;47.09;;;35.99;;;;35.99;;;35.99;;;;35.99;;
17-07-2025;;;64.34;;;;35.99;;;35.99;;;;47.09;;;42.99;;;;35.99;;;35.99;;;;35.99;;
18-07-2025;;;64.34;;;;35.99;;;35.99;;;;47.09;;;42.99;;;;35.99;;;35.99;;;;35.99;;
21-07-2025;;;64.34;;;;35.99;;;35.99;;;;47.09;;;35.99;;;;35.99;;;35.99;;;;35.99;;
22-07-2025;;;62.74;;;;35.99;;;35.99;;;;47.09;;;35.99;;;;35.99;;;35.99;;;;35.99;;
24-07-2025;;;62.74;;;;35.99;;;35.99;;;;47.09;;;35.99;;;;35.99;;;35.99;;;;35.99;;
25-07-2025;;;45.86;;;;35.99;;;35.99;;;;47.09;;;35.99;;;;35.99;;;35.99;;;;35.99;;
28-07-2025;;;53.25;;;;35.99;;;35.99;;;;38.16;;;35.99;;;;35.99;;;35.99;;;;35.99;;
29-07-2025;;;53.25;;;;35.99;;;35.99;;;;38.16;;;35.99;;;;35.99;;;35.99;;;;35.99;;
30-07-2025;;;53.25;;;;35.99;;;35.99;;;;38.16;;;35.99;;;;35.99;;;35.99;;;;35.99;;
02-08-2025;;;49.99;;;;35.99;;;35.99;;;;38.16;;;35.99;;;;35.99;;;35.99;;;;35.99;;
04-08-2025;;;49.99;;;;35.99;;;35.99;;;;38.16;;;35.99;;;;35.99;;;35.99;;;;35.99;;
05-08-2025;;;42.99;;;;35.99;;;35.99;;;;35.99;;;35.99;;;;35.99;;;35.99;;;;35.99;;
06-08-2025;;;42.99;;;;35.99;;;35.99;;;;35.99;;;35.99;;;;35.99;;;35.99;;;;35.99;;
07-08-2025;;;42.99;;;;35.99;;;35.99;;;;35.99;;;35.99;;;;35.99;;;35.99;;;;35.99;;
08-08-2025;;;49.99;;;;35.99;;;35.99;;;;35.99;;;35.99;;;;35.99;;;35.99;;;;35.99;;
09-08-2025;;;49.99;;;;35.99;;;35.99;;;;35.99;;;35.99;;;;35.99;;;35.99;;;;35.99;;
10-08-2025;;;49.99;;;;35.99;;;35.99;;;;35.99;;;35.99;;;;35.99;;;35.99;;;;35.99;;
12-08-2025;;;42.99;;;;29.99;;;29.99;;;;29.99;;;29.99;;;;29.99;;;29.99;;;;29.99;;
13-08-2025;;;42.99;;;;29.99;;;29.99;;;;29.99;;;29.99;;;;29.99;;;29.99;;;;29.99;;
14-08-2025;;;42.99;;;;29.99;;;29.99;;;;29.99;;;29.99;;;;29.99;;;29.99;;;;29.99;;
15-08-2025;;;42.99;;;;29.99;;;29.99;;;;29.99;;;29.99;;;;29.99;;;29.99;;;;29.99;;
18-08-2025;;;42.99;;;;29.99;;;29.99;;;;29.99;;;29.99;;;;29.99;;;29.99;;;;29.99;;
20-08-2025;;;42.99;;;;29.99;;;29.99;;;;29.99;;;33.17;;;;29.99;;;29.99;;;;29.99;;
21-08-2025;;;42.99;;;;29.99;;;29.99;;;;29.99;;;32.64;;;;29.99;;;29.99;;;;29.99;;
25-08-2025;;;39.09;;;;28.14;;;29.99;;;;27.61;;;32.64;;;;28.67;;;29.33;;;;26.81;;
26-08-2025;;;39.09;;;;28.14;;;29.99;;;;27.61;;;32.64;;;;28.67;;;29.33;;;;26.81;;
27-08-2025;;;39.09;;;;28.14;;;29.46;;;;27.61;;;29.46;;;;28.14;;;32.38;;;;26.81;;
29-08-2025;;;39.09;;;;27.61;;;29.46;;;;27.61;;;29.46;;;;28.14;;;32.38;;;;26.81;;
30-08-2025;;;29.99;;;;27.61;;;29.46;;;;27.61;;;28.67;;;;27.61;;;31.98;;;;26.81;;
04-09-2025;;;30.46;;;;24.99;;;24.99;;;;25.32;;;24.99;;;;24.99;;;24.99;;;;24.99;;
10-09-2025;;;24.99;;;;24.99;;;25.52;;;;27.26;;;24.99;;;;25.32;;;24.99;;;;24.99;;
11-09-2025;;;24.99;;;;24.99;;;24.99;;;;24.99;;;24.99;;;;25.32;;;24.99;;;;24.99;;
12-09-2025;;;24.99;;;;24.99;;;24.99;;;;26.66;;;24.99;;;;25.32;;;24.99;;;;24.99;;
13-09-2025;;;24.99;;;;24.99;;;24.99;;;;26.66;;;24.99;;;;24.99;;;24.99;;;;24.99;;
15-09-2025;;;24.99;;;;24.99;;;24.99;;;;24.99;;;24.99;;;;24.99;;;24.99;;;;24.99;;
17-09-2025;;;24.99;;;;24.99;;;24.99;;;;24.99;;;26.42;;;;24.99;;;24.99;;;;24.99;;
18-09-2025;;;24.99;;;;24.99;;;24.99;;;;24.99;;;24.99;;;;24.99;;;24.99;;;;24.99;;
19-09-2025;;;26.54;;;;24.99;;;24.99;;;;24.99;;;24.99;;;;24.99;;;24.99;;;;24.99;;
24-09-2025;;;29.99;;;;28.07;;;19.99;;;;24.99;;;18.99;;;;23.99;;;22.99;;;;24.99;;
26-09-2025;;;29.99;;;;24.99;;;18.99;;;;24.99;;;18.99;;;;22.99;;;20.99;;;;24.99;;
29-09-2025;;;29.99;;;;24.99;;;18.99;;;;24.99;;;18.99;;;;19.99;;;20.99;;;;24.99;;
30-09-2025;;;29.99;;;;24.99;;;18.99;;;;24.99;;;18.99;;;;19.99;;;20.99;;;;24.99;;
02-10-2025;;;22.99;;;;16.99;;;16.99;;;;16.99;;;16.99;;;;20.99;;;18.99;;;;16.99;;
03-10-2025;;;22.99;;;;16.99;;;16.99;;;;16.99;;;16.99;;;;20.99;;;17.99;;;;16.99;;
06-10-2025;;;21.99;;;;16.99;;;14.99;;;;16.99;;;15.99;;;;18.99;;;17.99;;;;16.99;;
07-10-2025;;;21.99;;;;16.99;;;14.99;;;;16.99;;;15.99;;;;17.99;;;17.99;;;;16.99;;
08-10-2025;;;24.99;;;;16.99;;;16.99;;;;16.99;;;17.99;;;;20.99;;;19.99;;;;16.99;;
09-10-2025;;;24.99;;;;16.99;;;16.99;;;;16.99;;;17.99;;;;20.99;;;19.99;;;;16.99;;
10-10-2025;;;24.99;;;;16.99;;;16.99;;;;16.99;;;17.99;;;;20.99;;;19.99;;;;16.99;;
16-10-2025;;;22.99;;;;14.99;;;14.99;;;;14.99;;;15.99;;;;17.99;;;17.99;;;;14.99;;
17-10-2025;;;21.99;;;;14.99;;;14.99;;;;14.99;;;14.99;;;;17.99;;;17.99;;;;14.99;;
20-10-2025;;;21.99;;;;30.99;;;14.99;;;;14.99;;;14.99;;;;16.99;;;16.99;;;;15.7;;
21-10-2025;;;21.99;;;;22.49;;;14.99;;;;14.99;;;14.99;;;;16.99;;;16.99;;;;17.99;;
23-10-2025;;;21.99;;;;32.32;;;14.99;;;;14.99;;;14.99;;;;16.99;;;16.99;;;;14.99;;
24-10-2025;;;21.99;;;;32.32;;;14.99;;;;14.99;;;14.99;;;;16.99;;;16.99;;;;14.99;;
27-10-2025;;;20.99;;;;14.99;;;14.99;;;;14.99;;;14.99;;;;15.99;;;16.99;;;;32.11;;
28-10-2025;;;22.99;;;;14.99;;;14.99;;;;17.85;;;15.99;;;;16.99;;;17.99;;;;32.32;;
29-10-2025;;;23.99;;;;14.99;;;15.99;;;;14.99;;;15.99;;;;18.99;;;18.99;;;;14.99;;
30-10-2025;;;17.99;;;;14.99;;;14.99;;;;14.99;;;14.99;;;;16.99;;;17.99;;;;28.4;;
03-11-2025;;;99.99;;;;32.32;;;14.99;;;;14.99;;;14.99;;;;15.99;;;15.99;;;;38.48;;
04-11-2025;;;;;;;147.74;;;15.99;;;;14.99;;;15.99;;;;17.99;;;18.99;;;;39.48;;
05-11-2025;;;;;;;102.22;;;18.99;;;;14.99;;;18.99;;;;19.99;;;20.99;;;;29.99;;
13-11-2025;;;;;;;;;;;;;;109.99;;;23.99;;;;31.99;;;25.99;;;;42.19;;
26-11-2025;;;;;;;;;;;;;;;;;;;;;;;;;;;;88.99;;
