Date;Day 01;Day 02;Day 03;Day 04;Day 05;Day 06;Day 07;Day 08;Day 09;Day 10;Day 11;Day 12;Day 13;Day 14;Day 15;Day 16;Day 17;Day 18;Day 19;Day 20;Day 21;Day 22;Day 23;Day 24;Day 25;Day 26;Day 27;Day 28;Day 29;Day 30;Day 31
01-01-2025;35.99;36.06;30.99;;;30.99;;35.99;35.99;41.99;;;48.99;;48.99;48.99;67.99;;;90.92;;78.99;78.99;78.99;;;122.11;;92.99;92.99;78.99
02-01-2025;35.99;36.06;30.99;;;30.99;;35.99;35.99;41.99;;;48.99;;48.99;48.99;67.99;;;90.92;;78.99;78.99;78.99;;;122.11;;92.99;92.99;78.99
03-01-2025;35.99;36.06;30.99;;;30.99;;35.99;35.99;41.99;;;48.99;;48.99;48.99;67.99;;;90.92;;78.99;78.99;78.99;;;122.11;;92.99;92.99;79.99
04-01-2025;35.99;36.06;30.99;;;30.99;;35.99;35.99;41.99;;;48.99;;48.99;48.99;67.99;;;90.92;;78.99;78.99;78.99;;;122.11;;92.99;92.99;78.99
06-01-2025;35.99;30.99;30.99;;;31.99;;36.99;35.99;41.99;;;48.99;;48.99;48.99;67.99;;;90.92;;78.99;78.99;78.99;;;122.11;;92.99;92.99;78.99
07-01-2025;49.8;30.99;30.99;;;30.99;;35.99;36.99;41.99;;;48.99;;48.99;68.02;67.99;;;90.92;;78.99;78.99;78.99;;;122.11;;92.99;92.99;78.99
08-01-2025;49.8;30.99;30.99;;;30.99;;35.99;35.99;41.99;;;48.99;;48.99;67.02;67.99;;;90.92;;78.99;78.99;78.99;;;122.11;;92.99;92.99;78.99
09-01-2025;49.8;30.99;30.99;;;30.99;;35.99;35.99;41.99;;;41.99;;41.99;67.02;57.99;;;90.92;;78.99;78.99;67.99;;;122.11;;92.99;78.99;78.99
10-01-2025;49.27;30.99;26.99;;;30.99;;30.99;30.99;35.99;;;41.99;;41.99;66.06;57.99;;;90.12;;67.99;67.99;67.99;;;122.11;;78.99;78.99;67.99
11-01-2025;47.19;26.99;26.99;;;30.99;;26.99;26.99;27.99;;;42.33;;35.99;63.51;77.33;;;87.94;;48.99;48.99;57.99;;;123.62;;57.99;67.99;48.99
12-01-2025;47.19;26.99;26.99;;;30.99;;26.99;27.99;27.99;;;41.33;;35.99;62.51;76.33;;;86.94;;48.99;48.99;58.99;;;122.62;;58.99;68.99;48.99
13-01-2025;47.19;26.99;26.99;;;30.99;;26.99;26.99;26.99;;;42.33;;36.99;63.51;74.94;;;86.94;;48.99;48.99;58.99;;;122.62;;58.99;67.99;48.99
14-01-2025;47.19;26.99;27.99;;;30.99;;26.99;26.99;26.99;;;42.67;;36.99;62.51;74.94;;;86.94;;48.99;49.99;57.99;;;122.62;;57.99;68.99;53.16
15-01-2025;47.19;26.99;26.99;;;30.99;;26.99;26.99;26.99;;;42.67;;36.99;62.51;74.94;;;86.94;;48.99;49.99;57.99;;;122.62;;57.99;68.99;62.51
16-01-2025;45.63;26.99;26.99;;;30.99;;26.99;26.99;26.99;;;41.33;;35.99;58.99;75.94;;;87.94;;48.99;48.99;57.99;;;122.62;;58.99;67.99;62.51
17-01-2025;45.63;26.99;26.99;;;30.99;;26.99;26.99;26.99;;;41.33;;35.99;57.99;74.94;;;86.94;;48.99;48.99;78.42;;;122.62;;57.99;67.99;64.44
18-01-2025;45.63;26.99;26.99;;;40.44;;26.99;27.99;26.99;;;41.33;;35.99;57.99;75.94;;;84.56;;48.99;49.99;78.42;;;122.62;;57.99;67.99;64.44
19-01-2025;45.63;26.99;26.99;;;40.44;;26.99;26.99;27.99;;;41.33;;41.44;57.99;74.94;;;84.56;;49.99;48.99;79.42;;;123.62;;57.99;67.99;64.44
20-01-2025;45.63;26.99;26.99;;;44.94;;26.99;27.99;26.99;;;62.43;;40.44;57.99;74.94;;;84.56;;48.99;49.99;79.42;;;122.62;;58.99;68.99;64.44
05-02-2025;35.99;26.99;26.99;;;59.7;;30.99;33.83;35.04;;;69.61;;54.94;57.99;72.86;;;103.91;;65.73;93.3;78.42;;;116.41;;57.99;67.99;65.73
06-02-2025;35.99;26.99;26.99;;;59.7;;30.99;33.83;36.04;;;69.61;;54.94;57.99;74.94;;;103.91;;65.73;93.3;78.42;;;116.41;;62.51;67.99;67.67
07-02-2025;48.99;;30.99;;;;;41.99;;56.13;;;;;64.44;;86.94;;;;;76.33;;88.53;;;;;62.51;;78.42
08-02-2025;67.67;;35.99;;;;;80.5;;69.61;;;;;93.3;;94.3;;;;;109.37;;122.62;;;;;123.62;;93.3
09-02-2025;65.73;;35.99;;;;;80.5;;70.61;;;;;93.3;;93.3;;;;;93.3;;122.62;;;;;93.3;;80.5
10-02-2025;65.73;;35.99;;;;;80.5;;69.61;;;;;93.3;;94.3;;;;;93.3;;122.62;;;;;93.3;;93.3
11-02-2025;67.67;;48.23;;;;;69.61;;69.61;;;;;93.3;;93.3;;;;;93.3;;122.62;;;;;93.3;;80.5
12-02-2025;69.61;;48.23;;;;;69.61;;59.7;;;;;93.3;;93.3;;;;;93.3;;122.62;;;;;93.3;;80.5
13-02-2025;69.61;;48.23;;;;;69.61;;69.61;;;;;93.3;;93.3;;;;;93.3;;122.62;;;;;93.3;;80.5
14-02-2025;69.61;;48.23;;;;;70.61;;69.61;;;;;93.3;;93.3;;;;;93.3;;122.62;;;;;93.3;;80.5
17-02-2025;57.92;;42.33;;;;;69.61;;69.61;;;;;90.92;;93.3;;;;;80.5;;109.37;;;;;93.3;;93.3
18-02-2025;57.92;;41.33;;;;;67.67;;69.61;;;;;88.53;;93.3;;;;;93.3;;122.62;;;;;93.3;;93.3
19-02-2025;57.92;;41.33;;;;;65.73;;69.61;;;;;76.33;;90.92;;;;;93.3;;122.62;;;;;93.3;;93.3
20-02-2025;57.92;;41.33;;;;;56.13;;69.61;;;;;76.33;;90.92;;;;;94.3;;122.62;;;;;93.3;;93.3
21-02-2025;57.92;;42.67;;;;;56.13;;69.61;;;;;74.94;;90.92;;;;;93.3;;122.62;;;;;80.5;;80.5
22-02-2025;57.92;;42.67;;;;;56.13;;57.92;;;;;74.94;;86.94;;;;;93.3;;122.62;;;;;80.5;;78.42
23-02-2025;57.92;;42.67;;;;;56.13;;57.92;;;;;72.86;;86.94;;;;;93.3;;122.62;;;;;80.5;;78.42
24-02-2025;57.92;;42.67;;;;;56.13;;67.67;;;;;72.86;;86.94;;;;;80.5;;122.62;;;;;80.5;;78.42
25-02-2025;56.13;;42.67;;;;;56.13;;67.67;;;;;72.86;;84.56;;;;;78.42;;122.62;;;;;80.5;;78.42
26-02-2025;54.94;;42.33;;;;;56.13;;70.61;;;;;72.86;;77.01;;;;;78.42;;109.37;;;;;80.5;;78.42
27-02-2025;59.99;;56.99;;;;;41.99;;76.99;;;;;81.99;;72.99;;;;;78.99;;78.99;;;;;113.99;;78.42
28-02-2025;58.99;;56.99;;;;;43.99;;76.99;;;;;80.99;;71.99;;;;;78.99;;85.99;;;;;113.99;;78.42
01-03-2025;64.99;;61.99;;;;;45.99;;81.99;;;;;86.99;;70.99;;;;;78.99;;85.99;;;;;113.99;;78.42
02-03-2025;63.99;;62.99;;;;;45.99;;81.99;;;;;85.99;;74.99;;;;;78.99;;88.99;;;;;112.99;;78.42
04-03-2025;62.99;;61.99;;;;;42.99;;80.99;;;;;84.99;;67.99;;;;;70.99;;82.99;;;;;112.99;;80.5
05-03-2025;62.99;;61.99;;;;;42.99;;80.99;;;;;84.99;;71.99;;;;;70.99;;82.99;;;;;112.99;;89.5
06-03-2025;62.99;;60.99;;;;;42.99;;80.99;;;;;83.99;;72.99;;;;;74.99;;82.99;;;;;113.99;;78.61
07-03-2025;61.99;;60.99;;;;;42.99;;80.99;;;;;83.99;;72.99;;;;;74.99;;82.99;;;;;113.99;;78.61
09-03-2025;62.99;;59.99;;;;;48.99;;81.99;;;;;83.99;;81.99;;;;;77.99;;94.99;;;;;113.99;;78.61
10-03-2025;65.99;;59.99;;;;;48.99;;80.99;;;;;82.99;;82.99;;;;;77.99;;98.99;;;;;113.99;;78.61
11-03-2025;60.99;;54.99;;;;;38.99;;76.99;;;;;77.99;;82.99;;;;;62.99;;98.99;;;;;113.99;;78.61
12-03-2025;62.99;;56.99;;;;;37.99;;78.99;;;;;80.99;;77.99;;;;;59.99;;96.99;;;;;113.99;;79.61
13-03-2025;62.99;;56.99;;;;;34.99;;78.99;;;;;80.99;;76.99;;;;;52.99;;87.99;;;;;113.99;;78.61
14-03-2025;40.99;;33.99;;;;;37.99;;62.99;;;;;51.99;;80.99;;;;;56.99;;93.99;;;;;100.99;;78.61
15-03-2025;42.99;;30.99;;;;;40.99;;65.99;;;;;54.99;;83.99;;;;;61.99;;95.99;;;;;106.99;;78.61
16-03-2025;42.99;;30.99;;;;;40.99;;65.99;;;;;54.99;;83.99;;;;;61.99;;99.99;;;;;106.99;;79.61
17-03-2025;41.99;;29.99;;;;;39.99;;64.99;;;;;53.99;;83.99;;;;;61.99;;99.99;;;;;105.99;;78.61
18-03-2025;41.99;;28.99;;;;;39.99;;64.99;;;;;53.99;;79.99;;;;;63.99;;101.99;;;;;105.99;;78.61
19-03-2025;40.99;;28.99;;;;;40.99;;63.99;;;;;52.99;;79.99;;;;;63.99;;107.99;;;;;105.99;;90.5
20-03-2025;39.99;;28.99;;;;;42.99;;63.99;;;;;52.99;;77.99;;;;;65.99;;108.99;;;;;104.99;;89.5
21-03-2025;39.99;;30.99;;;;;42.99;;62.99;;;;;51.99;;76.99;;;;;78.99;;108.99;;;;;104.99;;89.5
24-03-2025;38.99;;29.99;;;;;42.99;;61.99;;;;;50.99;;78.99;;;;;123.99;;109.99;;;;;104.99;;89.5
25-03-2025;36.99;;30.99;;;;;42.99;;60.99;;;;;49.99;;78.99;;;;;123.99;;110.99;;;;;103.99;;78.61
26-03-2025;40.99;;30.99;;;;;39.99;;61.99;;;;;49.99;;75.99;;;;;127.99;;107.99;;;;;103.99;;68.7
27-03-2025;39.99;;30.99;;;;;39.99;;64.99;;;;;49.99;;75.99;;;;;127.99;;107.99;;;;;102.99;;68.7
28-03-2025;39.99;;29.99;;;;;39.99;;64.99;;;;;48.99;;75.99;;;;;127.99;;107.99;;;;;102.99;;68.7
31-03-2025;38.99;;30.99;;;;;43.99;;62.99;;;;;48.99;;70.99;;;;;129.99;;104.99;;;;;101.99;;68.7
01-04-2025;37.99;;30.99;;;;;42.99;;61.99;;;;;47.99;;67.99;;;;;126.99;;102.99;;;;;100.99;;68.7
02-04-2025;35.99;;30.99;;;;;47.99;;60.99;;;;;45.99;;59.99;;;;;114.99;;88.99;;;;;99.99;;68.7
03-04-2025;39.99;;35.99;;;;;48.99;;61.99;;;;;47.99;;56.99;;;;;110.99;;88.99;;;;;98.99;;68.7
04-04-2025;39.99;;34.99;;;;;54.99;;59.99;;;;;46.99;;58.99;;;;;111.99;;93.99;;;;;98.99;;60.39
07-04-2025;37.99;;39.99;;;;;55.99;;58.99;;;;;56.99;;61.99;;;;;112.99;;104.99;;;;;98.99;;69.89
08-04-2025;36.99;;37.99;;;;;56.99;;58.99;;;;;59.99;;63.99;;;;;109.99;;104.99;;;;;96.99;;69.89
09-04-2025;36.99;;39.99;;;;;56.99;;57.99;;;;;59.99;;63.99;;;;;109.99;;105.99;;;;;96.99;;79.89
10-04-2025;38.99;;59.99;;;;;56.99;;60.99;;;;;60.99;;63.99;;;;;107.99;;105.99;;;;;99.99;;69.89
11-04-2025;37.99;;69.99;;;;;57.99;;59.99;;;;;60.99;;63.99;;;;;107.99;;110.99;;;;;99.99;;79.89
14-04-2025;36.99;;67.99;;;;;52.99;;57.99;;;;;60.99;;66.99;;;;;107.99;;111.99;;;;;102.99;;79.89
15-04-2025;35.99;;66.99;;;;;52.99;;56.99;;;;;61.99;;68.99;;;;;106.99;;113.99;;;;;104.99;;79.89
16-04-2025;34.99;;64.99;;;;;46.99;;54.99;;;;;60.99;;65.99;;;;;102.99;;112.99;;;;;103.99;;79.89
17-04-2025;28.99;;59.99;;;;;46.99;;49.99;;;;;55.99;;72.99;;;;;99.99;;112.99;;;;;98.99;;79.89
18-04-2025;31.99;;57.99;;;;;52.99;;48.99;;;;;55.99;;72.99;;;;;98.99;;118.99;;;;;97.99;;79.89
19-04-2025;30.99;;57.99;;;;;55.99;;48.99;;;;;54.99;;72.99;;;;;97.99;;119.99;;;;;96.99;;79.89
21-04-2025;29.99;;55.99;;;;;55.99;;46.99;;;;;53.99;;72.99;;;;;92.99;;127.99;;;;;95.99;;79.89
23-04-2025;30.99;;53.99;;;;;56.99;;44.99;;;;;51.99;;73.99;;;;;97.99;;129.99;;;;;94.99;;79.89
25-04-2025;31.99;;57.99;;;;;57.99;;44.99;;;;;56.99;;78.99;;;;;98.99;;129.99;;;;;94.99;;79.89
26-04-2025;33.99;;62.99;;;;;57.99;;49.99;;;;;57.99;;79.99;;;;;107.99;;130.99;;;;;105.99;;79.89
28-04-2025;40.99;;60.99;;;;;59.99;;47.99;;;;;56.99;;80.99;;;;;115.99;;130.99;;;;;109.99;;79.89
29-04-2025;43.99;;59.99;;;;;57.99;;50.99;;;;;56.99;;76.99;;;;;115.99;;130.99;;;;;108.99;;69.89
30-04-2025;42.99;;58.99;;;;;57.99;;50.99;;;;;58.99;;81.99;;;;;116.99;;132.99;;;;;107.99;;79.89
05-05-2025;40.99;;64.99;;;;;61.99;;55.99;;;;;65.99;;112.99;;;;;127.99;;135.99;;;;;107.99;;79.89
07-05-2025;37.99;;61.99;;;;;54.99;;64.99;;;;;68.99;;113.99;;;;;119.99;;122.99;;;;;105.99;;102.89
08-05-2025;36.99;;60.99;;;;;51.99;;69.99;;;;;67.99;;114.99;;;;;119.99;;122.99;;;;;105.99;;90.89
09-05-2025;41.99;;65.99;;;;;50.99;;69.99;;;;;67.99;;117.99;;;;;120.99;;126.99;;;;;107.99;;90.89
10-05-2025;44.99;;65.99;;;;;49.99;;70.99;;;;;67.99;;118.99;;;;;121.99;;141.99;;;;;107.99;;102.89
11-05-2025;43.99;;64.99;;;;;47.99;;70.99;;;;;66.99;;125.99;;;;;121.99;;142.99;;;;;108.99;;102.89
12-05-2025;42.99;;62.99;;;;;46.99;;69.99;;;;;67.99;;125.99;;;;;128.99;;146.99;;;;;115.99;;102.89
13-05-2025;41.99;;61.99;;;;;45.99;;68.99;;;;;66.99;;126.99;;;;;129.99;;147.99;;;;;114.99;;115.19
16-05-2025;39.99;;61.99;;;;;47.99;;64.99;;;;;69.99;;135.99;;;;;208.99;;155.99;;;;;114.99;;102.89
17-05-2025;38.99;;61.99;;;;;47.99;;74.99;;;;;72.99;;145.99;;;;;209.99;;156.99;;;;;120.99;;102.89
19-05-2025;35.99;;58.99;;;;;49.99;;72.99;;;;;74.99;;147.99;;;;;210.99;;157.99;;;;;118.99;;102.89
20-05-2025;34.99;;57.99;;;;;50.99;;71.99;;;;;76.99;;147.99;;;;;210.99;;164.99;;;;;117.99;;102.89
22-05-2025;39.99;;55.99;;;;;50.99;;75.99;;;;;80.99;;148.99;;;;;207.99;;169.99;;;;;115.99;;115.19
23-05-2025;39.99;;54.99;;;;;50.99;;74.99;;;;;81.99;;145.99;;;;;206.99;;166.99;;;;;114.99;;115.19
27-05-2025;40.99;;50.99;;;;;58.99;;75.99;;;;;89.99;;154.99;;;;;201.99;;176.99;;;;;110.99;;98.92
28-05-2025;42.99;;48.99;;;;;58.99;;78.99;;;;;89.99;;154.99;;;;;201.99;;182.99;;;;;111.99;;102.89
29-05-2025;43.99;;50.99;;;;;58.99;;78.99;;;;;88.99;;158.99;;;;;201.99;;183.99;;;;;110.99;;102.89
30-05-2025;45.99;;50.99;;;;;60.99;;76.99;;;;;87.99;;157.99;;;;;198.99;;183.99;;;;;110.99;;100.51
02-06-2025;43.99;;53.99;;;;;65.99;;76.99;;;;;92.99;;155.99;;;;;193.99;;181.99;;;;;111.99;;115.19
03-06-2025;41.99;;56.99;;;;;69.99;;77.99;;;;;96.99;;154.99;;;;;192.99;;179.99;;;;;111.99;;129.69
04-06-2025;41.99;;58.99;;;;;69.99;;76.99;;;;;97.99;;160.99;;;;;197.99;;178.99;;;;;112.99;;129.69
05-06-2025;40.99;;59.99;;;;;69.99;;77.99;;;;;97.99;;165.99;;;;;197.99;;183.99;;;;;112.99;;129.69
06-06-2025;40.99;;60.99;;;;;66.99;;77.99;;;;;96.99;;166.99;;;;;197.99;;183.99;;;;;111.99;;129.69
07-06-2025;37.99;;58.99;;;;;68.99;;74.99;;;;;92.99;;167.99;;;;;195.99;;183.99;;;;;112.99;;129.69
09-06-2025;37.99;;63.99;;;;;68.99;;75.99;;;;;91.99;;163.99;;;;;192.99;;186.99;;;;;112.99;;115.19
10-06-2025;36.99;;62.99;;;;;68.99;;79.99;;;;;92.99;;162.99;;;;;191.99;;190.99;;;;;112.99;;115.19
11-06-2025;37.99;;60.99;;;;;61.99;;80.99;;;;;90.99;;145.99;;;;;174.99;;195.99;;;;;121.99;;267.39
12-06-2025;37.99;;58.99;;;;;61.99;;78.99;;;;;90.99;;144.99;;;;;179.99;;196.99;;;;;125.99;;267.39
16-06-2025;49.99;;47.99;;;19.99;;56.99;;83.99;;;20.24;;86.99;;129.99;;;54.42;;166.99;;201.99;;;70.86;;121.99;;242.39
17-06-2025;48.99;;45.99;;;19.99;;60.99;;93.99;;;20.2;;84.99;;125.99;;;46.87;;165.99;;197.99;;;92.96;;120.99;;242.39
18-06-2025;49.99;;43.99;;;19.99;;60.99;;99.99;;;20.73;;83.99;;121.99;;;54.42;;163.99;;195.99;;;97.33;;120.99;;102.78
19-06-2025;49.99;;42.99;;;19.99;;54.99;;98.99;;;22.87;;81.99;;115.99;;;56.21;;144.99;;173.99;;;97.33;;119.99;;65.06
20-06-2025;46.99;;40.99;;;19.99;;54.99;;94.99;;;20.47;;82.99;;110.99;;;56.21;;143.99;;171.99;;;98.92;;116.99;;132.89
23-06-2025;40.99;;38.99;;;20.47;;47.99;;91.99;;;24.24;;79.99;;108.99;;;76.3;;141.99;;159.99;;;112.46;;114.99;;120.99
24-06-2025;36.99;;48.99;;;20.47;;40.99;;88.99;;;28.94;;73.99;;98.99;;;86.2;;128.99;;155.99;;;112.46;;111.99;;209.99
25-06-2025;36.99;;55.99;;;24.24;;36.99;;89.99;;;28.94;;74.99;;99.99;;;86.99;;129.99;;151.99;;;112.46;;110.99;;227.04
26-06-2025;36.99;;52.99;;;24.24;;39.99;;94.99;;;28.94;;74.99;;91.99;;;76.99;;127.99;;146.99;;;110.64;;112.99;;227.04
27-06-2025;38.99;;49.99;;;24.24;;43.99;;94.99;;;28.94;;72.99;;86.99;;;76.3;;135.99;;141.99;;;110.64;;111.99;;208.89
30-06-2025;31.99;;45.99;;;24.24;;31.99;;87.99;;;41.66;;66.99;;70.99;;;70.04;;129.99;;125.99;;;126.59;;108.99;;213.66
01-07-2025;32.99;;45.99;;;24.24;;27.99;;86.99;;;41.66;;68.99;;73.99;;;70.04;;124.99;;120.99;;;126.59;;107.99;;213.66
02-07-2025;35.99;;43.99;;;28.94;;35.99;;87.99;;;42.55;;68.99;;106.99;;;70.04;;115.99;;126.99;;;126.59;;105.99;;182.06
03-07-2025;33.99;;41.99;;;28.94;;29.99;;85.99;;;49.47;;68.99;;109.99;;;70.04;;112.99;;126.99;;;124.52;;105.99;;176.5
04-07-2025;33.99;;41.99;;;35.59;;28.99;;83.99;;;42.55;;72.99;;104.99;;;86.99;;117.99;;127.99;;;124.52;;104.99;;176.5
05-07-2025;33.99;;41.99;;;35.59;;31.99;;81.99;;;49.47;;72.99;;105.99;;;86.99;;119.99;;127.99;;;98.92;;103.99;;176.5
07-07-2025;34.99;;43.99;;;35.59;;33.99;;76.99;;;49.47;;69.99;;103.99;;;86.99;;119.99;;128.99;;;105.89;;106.99;;177.99
09-07-2025;34.99;;52.99;;;35.59;;34.99;;77.99;;;42.55;;66.99;;106.99;;;66.99;;112.99;;129.99;;;94.26;;103.99;;96.99
10-07-2025;34.99;;49.99;;;35.99;;30.99;;74.99;;;57.99;;64.99;;101.99;;;76.99;;118.99;;125.99;;;110.64;;101.99;;96.99
11-07-2025;34.99;;49.99;;;31.94;;38.99;;71.99;;;49.47;;61.99;;92.99;;;65.06;;108.99;;116.99;;;87.42;;100.99;;94.94
14-07-2025;29.99;;37.99;;;26.49;;40.99;;68.99;;;46.09;;62.99;;98.99;;;86.03;;107.99;;119.99;;;108.82;;100.99;;136.46
15-07-2025;23.99;;44.99;;;22.49;;40.99;;67.99;;;32.96;;60.99;;98.99;;;86.03;;105.99;;121.99;;;97.33;;97.99;;136.46
17-07-2025;23.99;;35.99;;;19.68;;42.99;;63.99;;;41.66;;60.99;;101.99;;;73.44;;97.99;;127.99;;;92.44;;101.99;;141.22
18-07-2025;31.99;;35.99;;;19.68;;42.99;;56.99;;;41.66;;59.99;;96.99;;;73.44;;101.99;;127.99;;;83.02;;100.99;;141.22
21-07-2025;31.99;;35.99;;;16.99;;44.99;;48.99;;;28.24;;63.99;;94.99;;;66.35;;103.99;;119.99;;;87.89;;94.99;;117.42
22-07-2025;30.99;;35.99;;;16.99;;38.99;;48.99;;;22.49;;71.99;;95.99;;;75.38;;104.99;;114.99;;;96.08;;95.99;;105.89
24-07-2025;30.99;;34.99;;;16.99;;33.99;;48.99;;;19.24;;65.99;;98.99;;;97.33;;104.99;;106.99;;;74.91;;95.99;;105.89
25-07-2025;38.99;;43.99;;;16.99;;36.99;;54.99;;;19.24;;62.99;;98.99;;;98.92;;106.99;;99.99;;;73.44;;85.99;;105.89
28-07-2025;38.99;;43.99;;;16.99;;30.99;;54.99;;;20.47;;57.99;;95.99;;;86.03;;97.99;;102.99;;;106.09;;85.99;;107.96
29-07-2025;38.99;;43.99;;;17.26;;26.99;;53.99;;;21.47;;56.99;;88.99;;;83.94;;92.99;;97.99;;;94.26;;85.99;;105.89
30-07-2025;38.99;;43.99;;;16.99;;36.99;;59.99;;;16.99;;63.99;;97.99;;;46.09;;94.99;;102.99;;;46.09;;82.99;;75.91
02-08-2025;;;39.99;;;17.14;;48.99;;53.99;;;16.99;;56.99;;95.99;;;53.53;;85.99;;92.99;;;86.03;;91.99;;108.99
04-08-2025;;;;;;16.99;;46.99;;53.99;;;18.32;;56.99;;91.99;;;57.4;;78.99;;86.99;;;86.03;;89.99;;108.99
05-08-2025;;;;;;28.94;;44.99;;53.99;;;18.19;;56.99;;71.99;;;77.96;;73.99;;84.99;;;86.03;;89.99;;107.96
06-08-2025;;;;;;105.89;;55.99;;53.99;;;20.99;;56.99;;64.99;;;68.11;;72.99;;86.99;;;86.03;;89.99;;107.96
07-08-2025;;;;;;;;114.99;;59.99;;;28.24;;63.99;;71.99;;;66.92;;74.99;;87.99;;;63.77;;79.99;;119.34
08-08-2025;;;;;;;;114.99;;53.99;;;50.56;;56.99;;78.99;;;78.96;;79.99;;93.99;;;86.03;;84.99;;119.34
09-08-2025;;;;;;;;;;50.99;;;42.88;;53.99;;79.99;;;77.96;;98.99;;98.99;;;83.94;;84.99;;107.96
10-08-2025;;;;;;;;;;99.99;;;35.94;;53.99;;80.99;;;77.96;;99.99;;98.99;;;83.94;;83.99;;96.08
12-08-2025;;;;;;;;;;;;;90.2;;53.99;;79.99;;;77.96;;81.99;;91.99;;;83.94;;83.99;;96.99
13-08-2025;;;;;;;;;;;;;128.66;;62.99;;82.99;;;77.96;;82.99;;74.99;;;83.94;;83.99;;120.99
14-08-2025;;;;;;;;;;;;;;;62.99;;95.99;;;55.19;;81.99;;80.99;;;66.99;;82.99;;159.5
15-08-2025;;;;;;;;;;;;;;;99.99;;87.99;;;76.67;;80.99;;71.99;;;83.94;;82.99;;159.5
18-08-2025;;;;;;;;;;;;;;;;;;;;126.59;;111.99;;142.99;;;87.42;;82.99;;114.28
20-08-2025;;;;;;;;;;;;;;;;;;;;190.4;;198.99;;225.99;;;122.45;;95.99;;134.99
21-08-2025;;;;;;;;;;;;;;;;;;;;;;205.99;;241.99;;;110.64;;143.99;;163.99
25-08-2025;;;;;;;;;;;;;;;;;;;;;;;;;;;265.57;;117.99;;136.46
26-08-2025;;;;;;;;;;;;;;;;;;;;;;;;;;;291.04;;117.99;;122.45
27-08-2025;;;;;;;;;;;;;;;;;;;;;;;;;;;265.57;;238.99;;176.45
29-08-2025;;;;;;;;;;;;;;;;;;;;;;;;;;;;;297.99;;319.41
30-08-2025;;;;;;;;;;;;;;;;;;;;;;;;;;;;;;;319.41
04-09-2025;;;;;;;;;;;;;;;;;;;;;;;;;;;;;;;
10-09-2025;;;;;;;;;;;;;;;;;;;;;;;;;;;;;;;
